potencial,caso,metodo,dr,N,a,erro_a,r0_trap,r0_simpson,erro_r0_trap,erro_r0_simpson
poco,nn,central,0.02,128,-18.5302798521815,0.00013774963955083018,2.6945897805193466,2.6945969334074142,8.621437935857492e-06,5.966923897705624e-06
poco,nn,central,0.01,256,-18.528365653788725,3.443430442444021e-05,2.6946072039783373,2.6946089922817467,2.1554040700024952e-06,1.491745354847627e-06
poco,nn,central,0.005,511,-18.52788778307317,8.642112083688298e-06,2.694611554266361,2.694612003107822,5.409651860939312e-07,3.7439527089819804e-07
poco,nn,central,0.002,1277,-18.527753303376038,1.3838179438425119e-06,2.6946127785426643,2.6946128504125624,8.662302341107147e-08,5.995132780434529e-08
poco,nn,central,0.001,2553,-18.52773407913177,3.4622474204194145e-07,2.6946129535618453,2.6946129715433633,2.1671514549104898e-08,1.4998378936486358e-08
poco,nn,central,0.0005,5105,-18.527729268821233,8.659708435977602e-08,2.6946129973533646,2.6946130018505032,5.420008635144168e-09,3.751071893019814e-09
poco,nn,central,0.0002,12762,-18.527727911777312,1.3353136403845999e-08,2.6946130096862317,2.694613010405831,8.43148389454646e-10,5.760974089156498e-10
poco,nn,numerov,0.02,128,-18.403063036107923,0.006728543862711495,2.694646382186067,2.6946535358365558,1.238405208036818e-05,1.5038849061278012e-05
poco,nn,numerov,0.01,256,-18.465118611984508,0.0033792083694060794,2.694631665593603,2.6946334539446375,6.922565626298172e-06,7.5862420156106395e-06
poco,nn,numerov,0.005,511,-18.49629268259092,0.0016966452849780655,2.6946228491206603,2.6946232979651237,3.650677268417928e-06,3.817248297869079e-06
poco,nn,numerov,0.002,1277,-18.515132053398517,0.0006798249199085275,2.6946170670969325,2.694617138966908,1.5049057969124892e-06,1.5315775211955121e-06
poco,nn,numerov,0.001,2553,-18.521424589091204,0.0003401968874441678,2.6946150602687204,2.694615078250244,7.601501666429826e-07,7.668233042332768e-07
poco,nn,numerov,0.0005,5105,-18.524574679661832,0.0001701765467045296,2.6946140422840905,2.69461404678123,3.823650726767734e-07,3.840340097485104e-07
poco,nn,numerov,0.0002,12762,-18.52646248449149,6.828575556951787e-05,2.694613454343218,2.6946134550628162,1.6417386309577386e-07,1.6444091374670027e-07
mpt,nn,central,0.02,1107,-18.518071641204887,0.00015867839472874642,2.701601579640198,2.7016087777311397,,
mpt,nn,central,0.01,2214,-18.51586806225625,3.966337784630149e-05,2.701698890885062,2.7017006906219594,,
mpt,nn,central,0.005,4428,-18.515317273674146,9.91535704668959e-06,2.7017232170373537,2.7017236669849627,,
mpt,nn,central,0.002,11069,-18.51516305443897,1.5859959000764044e-06,2.7017300161936637,2.701730088198889,,
mpt,nn,central,0.001,22137,-18.515140981559856,3.9384252531858004e-07,2.701730953219193,2.7017309712221476,,
mpt,nn,central,0.0005,44274,-18.515135320514094,8.809016852374885e-08,2.701731073398115,2.701731077898854,,
mpt,nn,central,0.0002,110684,-18.515132973696236,3.86611635282997e-08,2.701730567676315,2.7017305683964463,,
mpt,nn,numerov,0.02,1107,-18.515133793083596,5.593842861675221e-09,2.7017241257692337,2.7017313250023154,,
mpt,nn,numerov,0.01,2214,-18.515133694195672,2.5291876759453163e-10,2.701729526135687,2.701731325943967,,
mpt,nn,numerov,0.005,4428,-18.515133686814895,1.4571604662467653e-10,2.7017308734403342,2.701731323392405,,
mpt,nn,numerov,0.002,11069,-18.515133716879713,1.4780809345224902e-09,2.701731271447507,2.7017313434528467,,
mpt,nn,numerov,0.001,22137,-18.51513381166679,6.597518771457184e-09,2.7017313788225112,2.701731396825472,,
mpt,nn,numerov,0.0005,44274,-18.515133877584294,1.0157714741370797e-08,2.701731415551842,2.7017314200525817,,
mpt,nn,numerov,0.0002,110684,-18.51513066585783,1.6330722043451872e-07,2.7017295552058487,2.70172955592598,,
mpt,unitario,central,0.02,467,7047.21548801716,0.00014190001734748484,0.9997036679291859,0.9997036490584112,0.0002963320708141426,0.0002963509415887522
mpt,unitario,central,0.01,933,28135.64299643132,3.554210579552866e-05,0.9999257648417772,0.9999257636575883,7.42351582228018e-05,7.423634241165988e-05
mpt,unitario,central,0.005,1866,112549.70762763589,8.88496310737644e-06,0.9999814415814791,0.9999814415074721,1.8558418520941977e-05,1.8558492527853687e-05
mpt,unitario,central,0.002,4664,703148.2312617353,1.422175233684697e-06,0.9999970291667354,0.9999970291648391,2.9708332646150026e-06,2.9708351608759287e-06
mpt,unitario,central,0.001,9328,2812650.902223741,3.5553647971312287e-07,0.9999992565667357,0.9999992565666171,7.434332642830555e-07,7.434333828548745e-07
mpt,unitario,central,0.0005,18656,11255831.271095837,8.88428386735873e-08,0.999999811139709,0.9999998111397016,1.8886029096165657e-07,1.8886029840015084e-07
mpt,unitario,central,0.0002,46640,72236492.60967754,1.3843418681289078e-08,0.9999999448993973,0.9999999448993969,5.510060274716011e-08,5.510060308022702e-08
mpt,unitario,numerov,0.02,467,30911531.290826764,3.2350387155252195e-08,0.999999956686015,0.9999999566817127,4.3313984954274076e-08,4.3318287290539104e-08
mpt,unitario,numerov,0.01,933,492699074.8641669,2.029636603439367e-09,0.9999999972576433,0.9999999972575758,2.7423566750783834e-09,2.7424241766382806e-09
mpt,unitario,numerov,0.005,1866,7867966083.339257,1.2709780599396512e-10,0.9999999998096957,0.9999999998096948,1.9030432785172025e-10,1.9030521603013995e-10
mpt,unitario,numerov,0.002,4664,157073927369.45703,6.3665848864540856e-12,0.9999999994837472,0.9999999994837473,5.162528182722781e-10,5.162527072499756e-10
mpt,unitario,numerov,0.001,9328,-42086625590.48403,2.376036148144333e-11,0.999999997779478,0.999999997779478,2.2205219885051974e-09,2.2205219885051974e-09
mpt,unitario,numerov,0.0005,18656,-7059467052.625687,1.4165359676371568e-10,0.9999999920019095,0.9999999920019095,7.9980905232091e-09,7.9980905232091e-09
mpt,unitario,numerov,0.0002,46640,-648679455.6376415,1.5415932941339369e-09,0.9999999252741756,0.9999999252741755,7.472582441714337e-08,7.472582452816567e-08
